Workbook

Sheet 汇总
A1: 《昆吾禁地》美术素材缺口总览
A2: 基于项目资产目录、开发进度与PRD交叉盘点｜2026-07-31
A4: =COUNTA(缺口明细!A7:A98) -> 92 | C4: =COUNTIF(缺口明细!C7:C98,"P0-立即") -> 44 | E4: =SUM(缺口明细!K7:K98) -> 577 | G4: =IFERROR(SUM(缺口明细!I7:I98)/SUM(缺口明细!G7:G98),0) -> 0
A5: 缺口素材包 | C5: P0立即处理 | E5: 正式缺口制作单元 | G5: 正式覆盖率
A8: 大类 | B8: 缺口素材包 | C8: 正式缺口制作单元 | E8: 目标阶段 | F8: 缺口素材包 | G8: 正式缺口制作单元
A9: 场景 | B9: =COUNTIF(缺口明细!D$7:D$98,A9) -> 7 | C9: =SUMIF(缺口明细!D$7:D$98,A9,缺口明细!K$7:K$98) -> 19 | E9: P1核心闭环 | F9: =COUNTIF(缺口明细!B$7:B$98,E9) -> 16 | G9: =SUMIF(缺口明细!B$7:B$98,E9,缺口明细!K$7:K$98) -> 57
A10: 建筑 | B10: =COUNTIF(缺口明细!D$7:D$98,A10) -> 4 | C10: =SUMIF(缺口明细!D$7:D$98,A10,缺口明细!K$7:K$98) -> 19 | E10: P2公开Demo | F10: =COUNTIF(缺口明细!B$7:B$98,E10) -> 53 | G10: =SUMIF(缺口明细!B$7:B$98,E10,缺口明细!K$7:K$98) -> 256
A11: 角色 | B11: =COUNTIF(缺口明细!D$7:D$98,A11) -> 10 | C11: =SUMIF(缺口明细!D$7:D$98,A11,缺口明细!K$7:K$98) -> 53 | E11: P3A地图2 | F11: =COUNTIF(缺口明细!B$7:B$98,E11) -> 6 | G11: =SUMIF(缺口明细!B$7:B$98,E11,缺口明细!K$7:K$98) -> 24
A12: 动画 | B12: =COUNTIF(缺口明细!D$7:D$98,A12) -> 10 | C12: =SUMIF(缺口明细!D$7:D$98,A12,缺口明细!K$7:K$98) -> 72 | E12: P3B五图MVP | F12: =COUNTIF(缺口明细!B$7:B$98,E12) -> 11 | G12: =SUMIF(缺口明细!B$7:B$98,E12,缺口明细!K$7:K$98) -> 117
A13: 敌人 | B13: =COUNTIF(缺口明细!D$7:D$98,A13) -> 7 | C13: =SUMIF(缺口明细!D$7:D$98,A13,缺口明细!K$7:K$98) -> 42 | E13: P3C五图MVP | F13: =COUNTIF(缺口明细!B$7:B$98,E13) -> 6 | G13: =SUMIF(缺口明细!B$7:B$98,E13,缺口明细!K$7:K$98) -> 123
A14: Boss | B14: =COUNTIF(缺口明细!D$7:D$98,A14) -> 2 | C14: =SUMIF(缺口明细!D$7:D$98,A14,缺口明细!K$7:K$98) -> 5
A15: 地图 | B15: =COUNTIF(缺口明细!D$7:D$98,A15) -> 13 | C15: =SUMIF(缺口明细!D$7:D$98,A15,缺口明细!K$7:K$98) -> 31
A16: UI | B16: =COUNTIF(缺口明细!D$7:D$98,A16) -> 12 | C16: =SUMIF(缺口明细!D$7:D$98,A16,缺口明细!K$7:K$98) -> 22 | E16: 当前结论
A17: 图标 | B17: =COUNTIF(缺口明细!D$7:D$98,A17) -> 13 | C17: =SUMIF(缺口明细!D$7:D$98,A17,缺口明细!K$7:K$98) -> 261 | E17: 1. 当前正式视觉资产几乎为空，只有Ark Pixel字体可直接沿用。 2. Camp大厅功能已验收，但画面仍是灰盒；建筑、前中后景、图标和NPC形象均待补。 3. 下一开发闭环最先需要：原创UI基础组件、资源/属性图标、四名新手头像、地图1 Tile/POI、敌人和战斗VFX。 4. 文档提及的多个免费素材包本地并不存在，不能当作已收集或已授权。 5. “正式缺口制作单元”混合了套/张/个/角色等单位，只用于工作量粗排，不能直接作为报价总量。
A18: 特效 | B18: =COUNTIF(缺口明细!D$7:D$98,A18) -> 10 | C18: =SUMIF(缺口明细!D$7:D$98,A18,缺口明细!K$7:K$98) -> 47
A19: 品牌 | B19: =COUNTIF(缺口明细!D$7:D$98,A19) -> 2 | C19: =SUMIF(缺口明细!D$7:D$98,A19,缺口明细!K$7:K$98) -> 2
A20: 字体 | B20: =COUNTIF(缺口明细!D$7:D$98,A20) -> 1 | C20: =SUMIF(缺口明细!D$7:D$98,A20,缺口明细!K$7:K$98) -> 1
A21: 剧情 | B21: =COUNTIF(缺口明细!D$7:D$98,A21) -> 1 | C21: =SUMIF(缺口明细!D$7:D$98,A21,缺口明细!K$7:K$98) -> 3
A25: 推荐执行顺序：P0立即（核心页面与地图1）→ P1高（大厅正式化与公开Demo润色）→ P2/P3（地图2–5、完整一转与装备扩充）。

Sheet 缺口明细
A1: 《昆吾禁地》美术素材缺口明细
A2: 盘点日期：2026-07-31｜范围：视觉美术、动画、VFX、UI；不含音频。正式已有只统计可直接进入发行包的资产，灰盒和参考图单列。
A4: 使用方法：先筛选“优先级=P0-立即”，即可得到当前核心闭环与公开Demo最先要补的素材；K列为公式计算的正式缺口。
A6: 编号 | B6: 目标阶段 | C6: 优先级 | D6: 大类 | E6: 页面/场景 | F6: 素材包 | G6: 目标数量 | H6: 单位 | I6: 正式已有 | J6: 临时/参考 | K6: 正式缺口 | L6: 当前状态 | M6: 阻塞可演示 | N6: 规格建议 | O6: Demo临时方案 | P6: 验收重点 | Q6: IP/许可要求 | R6: 需求依据
A7: ART-HALL-001 | B7: P2公开Demo | C7: P0-立即 | D7: 场景 | E7: 营地大厅 | F7: 营地后景横向长卷（封印山体、瀑布、云层、远处法光） | G7: 1 | H7: 套 | I7: 0 | J7: 3 | K7: =IF(G7>I7,G7-I7,0) -> 1 | L7: =IF(I7>=G7,"正式可用",IF(J7>0,"有临时素材/仍需替换","完全缺失")) -> 有临时素材/仍需替换 | M7: 部分 | N7: 按375:817视窗展示；独立于建筑层；建议覆盖2.8倍设计宽并留横滑余量 | O7: 继续使用3张大厅参考图和纯色灰盒，仅作构图参考 | P7: 左右边界不露空白；中部默认视口能读出山门与主殿层级 | Q7: 必须原创，不临摹原作场景构图 | R7: Docs/02 §6.1；PRD-01
A8: ART-HALL-002 | B8: P2公开Demo | C8: P0-立即 | D8: 场景 | E8: 营地大厅 | F8: 营地中景地面与道路模块（台基、道路、坡地、溪流） | G8: 1 | H8: 套 | I8: 0 | J8: 1 | K8: =IF(G8>I8,G8-I8,0) -> 1 | L8: =IF(I8>=G8,"正式可用",IF(J8>0,"有临时素材/仍需替换","完全缺失")) -> 有临时素材/仍需替换 | M8: 部分 | N8: 像素模块化；与七建筑热区分离；Point过滤 | O8: 使用Camp.scene彩色矩形灰盒 | P8: 道路可读、建筑落点统一、横滑时无拼接断层 | Q8: 原创修仙营地语汇 | R8: Docs/02 §6.1；Docs/08 §1.2
A9: ART-HALL-003 | B9: P2公开Demo | C9: P1-高 | D9: 场景 | E9: 营地大厅 | F9: 营地前景遮挡层（旗杆、药篓、木箱、近景草木） | G9: 1 | H9: 套 | I9: 0 | J9: 0 | K9: =IF(G9>I9,G9-I9,0) -> 1 | L9: =IF(I9>=G9,"正式可用",IF(J9>0,"有临时素材/仍需替换","完全缺失")) -> 完全缺失 | M9: 否 | N9: 透明PNG/图集；不能遮住建筑标签与入口 | O9: 先不放前景或使用简单色块 | P9: 横滑视差自然；关键按钮无遮挡 | Q9: 原创 | R9: Docs/02 §6.1
A10: ART-HALL-004 | B10: P2公开Demo | C10: P0-立即 | D10: 建筑 | E10: 营地大厅 | F10: 七座成长建筑锁定/未解锁外观 | G10: 7 | H10: 座 | I10: 0 | J10: 7 | K10: =IF(G10>I10,G10-I10,0) -> 7 | L10: =IF(I10>=G10,"正式可用",IF(J10>0,"有临时素材/仍需替换","完全缺失")) -> 有临时素材/仍需替换 | M10: 部分 | N10: 招贤馆、百宝库、还魂殿、灵圃、炼器坊、交易行、议事殿；独立Sprite | O10: 继续使用320×240建筑灰盒和文字标签 | P10: 25%缩放仍可按轮廓识别；锁定态不只靠灰度 | Q10: 原创建筑，不复刻原作建筑 | R10: Docs/02 §6.1、§12；PRD-11 §8
A11: ART-HALL-005 | B11: P2公开Demo | C11: P0-立即 | D11: 建筑 | E11: 营地大厅 | F11: 七座成长建筑已解锁外观 | G11: 7 | H11: 座 | I11: 0 | J11: 7 | K11: =IF(G11>I11,G11-I11,0) -> 7 | L11: =IF(I11>=G11,"正式可用",IF(J11>0,"有临时素材/仍需替换","完全缺失")) -> 有临时素材/仍需替换 | M11: 部分 | N11: 与锁定态同锚点、同占地；可叠加灯火和状态标记 | O11: 继续使用建筑灰盒 | P11: 视觉锚点分别体现悬榜、铜锁、魂灯、梯田、炉火、价牌、主旗 | Q11: 原创 | R11: Docs/02 §6.1、§12
A12: ART-HALL-006 | B12: P2公开Demo | C12: P0-立即 | D12: 建筑 | E12: 营地大厅 | F12: 传送阵/出征入口 | G12: 1 | H12: 座 | I12: 0 | J12: 1 | K12: =IF(G12>I12,G12-I12,0) -> 1 | L12: =IF(I12>=G12,"正式可用",IF(J12>0,"有临时素材/仍需替换","完全缺失")) -> 有临时素材/仍需替换 | M12: 是 | N12: 建议360×190逻辑框；阵纹、台基、激活/禁用两态 | O12: 使用传送阵文字灰盒 | P12: 默认中部完整可见；禁用时仍说明原因 | Q12: 原创阵纹 | R12: Docs/02 §6.1；Docs/08 §1.2.5
A13: ART-HALL-007 | B13: P2公开Demo | C13: P1-高 | D13: 建筑 | E13: 营地大厅 | F13: 四个未开放场景锚点（竞技场、遗迹、圣迹、教会） | G13: 4 | H13: 处 | I13: 0 | J13: 4 | K13: =IF(G13>I13,G13-I13,0) -> 4 | L13: =IF(I13>=G13,"正式可用",IF(J13>0,"有临时素材/仍需替换","完全缺失")) -> 有临时素材/仍需替换 | M13: 否 | N13: 背景建筑剪影；明确封锁且不伪装成按钮 | O13: 保留场景文字锚点 | P13: 玩家能识别竞技场但不会误认为已开放 | Q13: 原创 | R13: Docs/02 §6.1；PRD-01
A14: ART-HALL-008 | B14: P2公开Demo | C14: P1-高 | D14: 场景 | E14: 营地大厅 | F14: 营地环境摆件包（旗、箱、药篓、灯、货架、驮兽） | G14: 1 | H14: 套 | I14: 0 | J14: 0 | K14: =IF(G14>I14,G14-I14,0) -> 1 | L14: =IF(I14>=G14,"正式可用",IF(J14>0,"有临时素材/仍需替换","完全缺失")) -> 完全缺失 | M14: 否 | N14: 16×16基础像素网格，按32/48像素模块组合 | O14: 复用纯色块，不影响逻辑 | P14: 不抢建筑轮廓；同屏主色不超过三组 | Q14: 原创 | R14: Docs/02 §6.1
A15: ART-HALL-009 | B15: P2公开Demo | C15: P1-高 | D15: 角色 | E15: 营地大厅 | F15: 走动杂役/NPC小人变体 | G15: 3 | H15: 名 | I15: 0 | J15: 0 | K15: =IF(G15>I15,G15-I15,0) -> 3 | L15: =IF(I15>=G15,"正式可用",IF(J15>0,"有临时素材/仍需替换","完全缺失")) -> 完全缺失 | M15: 否 | N15: 32×32或48×48；Idle/Walk；2.5头身 | O15: 暂不显示走动角色 | P15: 不遮入口；循环无滑步；外观与原作角色无相似组合 | Q15: 原创人物 | R15: Docs/04 §11
A16: ART-HALL-010 | B16: P1核心闭环 | C16: P0-立即 | D16: 角色 | E16: 营地NPC | F16: 岑守一列表头像 | G16: 1 | H16: 个 | I16: 0 | J16: 1 | K16: =IF(G16>I16,G16-I16,0) -> 1 | L16: =IF(I16>=G16,"正式可用",IF(J16>0,"有临时素材/仍需替换","完全缺失")) -> 有临时素材/仍需替换 | M16: 部分 | N16: 建议64×64或96×96；清晰职业/身份轮廓 | O16: 使用文字列表和通用头像灰盒 | P16: 列表和对话中身份一致，缩小后可读 | Q16: 原创NPC造型与姓名 | R16: Docs/08 §1.2.5；PRD-08
A17: ART-HALL-011 | B17: P2公开Demo | C17: P1-高 | D17: 角色 | E17: 营地NPC | F17: 岑守一半身立绘/表情 | G17: 3 | H17: 张 | I17: 0 | J17: 0 | K17: =IF(G17>I17,G17-I17,0) -> 3 | L17: =IF(I17>=G17,"正式可用",IF(J17>0,"有临时素材/仍需替换","完全缺失")) -> 完全缺失 | M17: 否 | N17: 正常、严肃、释然三态；像素半身或高像素立绘 | O17: 对话继续使用文字与纯色面板 | P17: 不依赖长动画表达情绪；不与原作角色相似 | Q17: 原创NPC造型 | R17: Docs/04 §12
A18: ART-HALL-012 | B18: P2公开Demo | C18: P1-高 | D18: 动画 | E18: 营地大厅 | F18: 营地环境循环动画包（炊烟、灯火、旗帜、云、水） | G18: 1 | H18: 套 | I18: 0 | J18: 0 | K18: =IF(G18>I18,G18-I18,0) -> 1 | L18: =IF(I18>=G18,"正式可用",IF(J18>0,"有临时素材/仍需替换","完全缺失")) -> 完全缺失 | M18: 否 | N18: 局部循环帧+Tween；同屏环境动画≤25 | O18: Demo先仅做Tween或静态 | P18: 循环无跳帧；低端Web设备可关闭 | Q18: 原创/可登记CC0来源 | R18: Docs/03 §5；Docs/04 §11
... A98: ART-BRAND-004 | B98: P3C五图MVP | C98: P3-远期 | D98: 剧情 | E98: 剧情结局 | F98: 结局与章节插图 | G98: 3 | H98: 张 | I98: 0 | J98: 0 | K98: =IF(G98>I98,G98-I98,0) -> 3 | L98: =IF(I98>=G98,"正式可用",IF(J98>0,"有临时素材/仍需替换","完全缺失")) -> 完全缺失 | M98: 否 | N98: 轻量像素场景/角色剪影；不做长篇逐帧动画 | O98: 使用游戏内场景截图+文字 | P98: 可跳过、可回看；无原作角色复刻 | Q98: 必须原创 | R98: Docs/04 §12

Sheet 已有与参考
A1: 现有素材、灰盒与文档中提及但未落地的免费素材
A2: 注意：“文档中写过可用”不等于本地已收集或许可已核验。当前仅Ark Pixel字体可直接作为正式资产继续使用。
A4: 类型 | B4: 名称 | C4: 数量 | D4: 当前用途 | E4: 可用于Demo | F4: 可作为MVP正式 | G4: 本地路径/证据 | H4: 许可/风险 | I4: 后续动作
A5: 字体 | B5: Ark Pixel 12px 中文字体 | C5: 1 | D5: 正文与灰盒UI | E5: 是 | F5: 是（保留OFL） | G5: assets/fonts/ark-pixel-12px-proportional-zh_cn.ttf | H5: OFL；发布包需保留许可证 | I5: 继续使用，补充Credits展示
A6: UI占位 | B6: Kenney Pixel UI 九宫格 | C6: 6 | D6: 按钮/面板占位 | E6: 是 | F6: 否（风格不统一） | G6: assets/third_party/kenney_pixel_ui/*.png | H6: 本地含License与PROVENANCE | I6: MVP替换为原创墨色/青铜/朱砂主题
A7: 参考图 | B7: 大厅左/中/右参考图 | C7: 3 | D7: 大厅构图参考 | E7: 仅内部参考 | F7: 否 | G7: assets/refer/lobby_left.jpg 等 | H7: 来源/商用权不能按正式资产推定 | I7: 只用于构图，不直接打包发布
A8: 灰盒 | B8: Camp三层横滑大厅 | C8: 1 | D8: 功能与布局验证 | E8: 是 | F8: 否 | G8: assets/bundles/camp/Camp.scene | H8: Cocos节点与纯色Sprite，不是正式美术 | I8: 按缺口明细逐层替换
A9: 灰盒 | B9: Boot启动场景 | C9: 1 | D9: 启动流程验证 | E9: 是 | F9: 否 | G9: assets/scenes/Boot.scene | H9: 无正式品牌视觉 | I9: 补Logo与加载背景
A10: 数据壳 | B10: 地图Bundle清单 | C10: 2 | D10: 分包和加载验证 | E10: 是 | F10: 否 | G10: assets/bundles/map_01、map_02 | H10: 只有manifest，无Tile/场景资源 | I10: 优先补地图1，地图2先做预览包
A11: 空目录 | B11: 正式美术目录 | C11: 0 | D11: 尚无文件 | E11: 否 | F11: 否 | G11: assets/art | H11: 当前为空 | I11: 建立characters/environment/ui/icons分层
A12: 空目录 | B12: 正式VFX目录 | C12: 0 | D12: 尚无文件 | E12: 否 | F12: 否 | G12: assets/vfx | H12: 当前为空 | I12: 建立common/skills/environment/boss分层
A13: 文档提及但本地缺失 | B13: SamuraiTopdown_CC0 | C13: 0 | D13: 探索人物/斩击占位候选 | E13: 否（未下载） | F13: 否 | G13: Docs/02 §9中提及；本地无对应目录 | H13: 不能视为已取得许可或已收集 | I13: 若使用需重新下载、核验许可、登记来源
A14: 文档提及但本地缺失 | B14: SamuraiSideview_CC0 | C14: 0 | D14: 战斗节奏参考候选 | E14: 否（未下载） | F14: 否 | G14: Docs/02 §9中提及；本地无对应目录 | H14: 未取得本地副本和许可记录 | I14: 仅作动作节奏参考，不作为MVP成品
A15: 文档提及但本地缺失 | B15: Monk_CC0 | C15: 0 | D15: 施法/御器占位候选 | E15: 否（未下载） | F15: 否 | G15: Docs/02 §9中提及；本地无对应目录 | H15: 未取得本地副本和许可记录 | I15: 下载后仍需重制职业轮廓
A16: 文档提及但本地缺失 | B16: AnimatedMonsters_CC0 | C16: 0 | D16: 怪物占位候选 | E16: 否（未下载） | F16: 否 | G16: Docs/02 §9中提及；本地无对应目录 | H16: 未取得本地副本和许可记录 | I16: 下载后需加原创族群部件
... A20: 文档提及但本地缺失 | B20: SpellEffects_CC0 | C20: 0 | D20: 法术VFX候选 | E20: 否（未下载） | F20: 否 | G20: Docs/03 §13中提及；本地无对应目录 | H20: 未取得本地副本和许可记录 | I20: 若使用需重制轮廓、节奏、色盘和命中段

Sheet 规格与验收
A1: 美术制作规格与验收速查
A2: 以下为当前文档中的硬性口径，外包、免费素材改造和原创制作均应遵守。
A4: 类别 | B4: 项目 | C4: 当前标准 | D4: 说明/验收
A5: 基础画布 | B5: 参考像素画布 | C5: 360×640 | D5: 整数倍放大；UI设计视窗另为375×817
A6: Web视窗 | B6: PC/H5可见区 | C6: 375:817 | D6: 高度优先等比缩放；两侧/上下黑边；内容不得整体压扁
A7: Cocos设计坐标 | B7: 内部设计分辨率 | C7: 1080×1920 | D7: 大厅全景保留独立横向内容宽度
A8: Tile | B8: 地图源尺寸 | C8: 16×16 | D8: Point过滤、无抗锯齿、整数坐标
A9: 探索角色 | B9: 逻辑框 | C9: 32×32或48×48 | D9: 约2.5头身；四方向
A10: 战斗角色 | B10: 逻辑框 | C10: 64×64 | D10: 约3–3.5头身；单方向侧视
A11: Boss | B11: 逻辑框 | C11: 96×96或128×128 | D11: 占战斗区高度不超过45%
A12: UI图标 | B12: 源尺寸 | C12: 16×16、24×24、32×32 | D12: 24×24下仍需辨认
A13: 颜色 | B13: 角色/怪物主色 | C13: 角色24–32色；普通怪≤20色 | D13: 特效柔光必须放独立层
A14: 图集 | B14: 单张优先上限 | C14: 2048×2048 | D14: 按职业和地图Bundle拆分
A15: 探索动画 | B15: 帧数基线 | C15: Idle4/Walk6/Interact4/Hurt3/Down6 | D15: 逐格移动0.16–0.22秒
... A22: 验收 | B22: 可读性 | C22: 25%缩放 | D22: 职业、敌人层级和交互点仍可辨认
A25: 交付包必须包含
A26: 1 | B26: 源文件 | C26: Aseprite/PSD或其他可编辑源文件 | D26: 图层命名清楚，第三方与原创分离
A27: 2 | B27: 运行时文件 | C27: PNG、Sprite Sheet、图集或材质 | D27: Point过滤、无抗锯齿、尺寸与锚点明确
A28: 3 | B28: 动画说明 | C28: FPS、循环、事件帧 | D28: cast_commit、hit_frame、recover_start、animation_end
A29: 4 | B29: 预览 | C29: GIF或短视频 | D29: 能快速评审动作、循环和VFX节奏
A30: 5 | B30: 用途 | C30: 页面、场景、角色或技能ID | D30: 避免同名素材误用
A31: 6 | B31: 权利信息 | C31: 作者、来源、许可、署名 | D31: 免费素材必须保留原始下载地址和许可快照
A32: 7 | B32: 验收记录 | C32: 缩放、Web端、低画质、IP复核 | D32: 桌面Chrome/Firefox、Android Chrome、iOS Safari抽查
